"","gene","p_val","avg_log2FC","pct.1","pct.2","p_val_adj"
"1","CD36",4.00906840364042e-156,-0.782351142122969,0.013,0.415,8.51846854405517e-152
"2","RSPO3",8.35091171295103e-152,-1.09028706113282,0.042,0.569,1.77440172076784e-147
"3","SELENOP",7.35113486891945e-145,-1.87194661276625,0.194,0.915,1.561969136948e-140
"4","ALDH1A1",4.00926589821635e-127,-1.14654068746423,0.092,0.691,8.5188881805301e-123
"5","TMPRSS11E",3.94231747261154e-100,-1.58491760553418,0.207,0.824,8.37663616580499e-96
"6","AKR1C2",2.01777603429964e-96,-2.16274907094324,0.439,0.968,4.28737051767988e-92
"7","DAPL1",8.71666035320424e-91,-0.975029167393341,0.097,0.601,1.85211599184884e-86
"8","AKR1C3",3.03147273619534e-81,-1.21646108813235,0.228,0.782,6.44127326986786e-77
"9","CALML5",1.27430303158491e-80,-1.38673261860115,0.077,0.511,2.70763908151162e-76
"10","BAALC",6.53601485395776e-80,-0.918744853764258,0.146,0.67,1.38877243616895e-75
"11","METTL7A",1.77124501204033e-79,-0.352623287805559,0.007,0.213,3.76354140158328e-75
"12","CRIP1",3.01052184686716e-77,1.87170287233322,0.976,0.755,6.39675682022335e-73
"13","CALML3",2.50419237285286e-75,-1.94391923420189,0.641,0.952,5.32090795383775e-71
"14","LGALS7",1.71510446389755e-67,-1.33222598351557,0.578,0.952,3.64425396488952e-63
"15","CRIP2",1.25612081752e-66,1.6563958944362,0.856,0.271,2.6690055130665e-62
"16","MMP7",1.0646046773105e-63,2.37262443119043,0.88,0.415,2.26207201834934e-59
"17","FTL",1.48797079285569e-58,-1.24059577750353,0.957,0.989,3.16164034065977e-54
"18","LGALS7B",2.62823718557066e-56,-1.21044578511564,0.376,0.846,5.58447837190053e-52
"19","LUCAT1",3.4290387167653e-56,-0.55678775079029,0.038,0.314,7.28602146538291e-52
"20","B2M",1.37755286774121e-54,0.584401652323546,1,1,2.92702433337653e-50
"21","STXBP5L",4.25047068993732e-53,-0.3047684892373,0.017,0.218,9.03140012197881e-49
"22","CSTA",1.89587967450615e-50,-1.34510923463471,0.929,0.995,4.02836513239067e-46
"23","IGFBP3",3.27982283994918e-50,2.2177148512013,0.864,0.489,6.96896757032402e-46
"24","TMSB10",5.8786960311569e-50,0.729304528039285,1,1,1.24910533270022e-45
"25","KRT17",8.03454265606298e-50,1.42225696229941,0.991,0.941,1.70717962356026e-45
"26","CLDN1",1.28352180125424e-49,1.18114766971413,0.966,0.84,2.727227123305e-45
"27","AQP3",9.38561086407464e-49,-1.22514273422011,0.911,0.984,1.99425459639858e-44
"28","CXCL17",2.52411254046025e-45,-1.15037720917783,0.342,0.782,5.36323432596993e-41
"29","HLA-A",5.89038931824325e-45,0.676547504521363,0.999,1,1.25158992234033e-40
"30","S100A10",5.07060190338238e-44,0.994211879164093,0.991,0.984,1.07740149243069e-39
"31","SPRR1B",1.06691248347221e-43,-1.49090670595003,0.607,0.926,2.26697564488176e-39
"32","PIP",1.42409207449565e-43,-0.434138895048427,0.01,0.16,3.02591083988835e-39
"33","SPINK5",3.29121921858863e-42,-1.32074211548735,0.073,0.367,6.99318259565712e-38
"34","GSTA4",5.64931108085627e-42,-0.577575841136368,0.137,0.5,1.20036561846034e-37
"35","MAFB",4.41546452245378e-41,-0.499779106563242,0.05,0.303,9.3819790173098e-37
"36","KRT14",2.05755395706327e-40,1.51348433130534,0.981,0.941,4.37189064796803e-36
"37","EPHB6",2.32857037764428e-40,-0.611735818705763,0.2,0.601,4.94774633841857e-36
"38","CBR1",6.16386755405383e-40,-0.930478050661008,0.657,0.91,1.30969857788536e-35
"39","CPE",7.80135668279106e-40,-0.34083633231686,0.062,0.335,1.65763226795945e-35
"40","KRT13",9.50653817093302e-40,-0.89262552493084,0.962,1,2.01994923055985e-35
"41","CLCA4",4.95104503073715e-39,-0.96441473912659,0.183,0.564,1.05199804813103e-34
"42","GPX2",2.13883626272438e-38,-0.90646089983822,0.888,0.979,4.54459929103675e-34
"43","ATP1B3",3.24578562592813e-37,-0.707438606315038,0.997,1,6.89664529797209e-33
"44","HCLS1",4.32035887472179e-37,-0.343207247990408,0.059,0.314,9.17989853700886e-33
"45","NDUFA4L2",3.19959486207662e-36,1.65662955614014,0.863,0.543,6.7984991629404e-32
"46","HSPB1",3.98934732517205e-36,-0.561998654760273,0.999,1,8.47656519652557e-32
"47","S100A2",2.64006864145054e-35,0.925931566411399,0.998,1,5.6096178493541e-31
"48","CTSD",1.44442669860626e-34,-0.645566982656864,0.975,0.995,3.06911784919857e-30
"49","FABP4",2.17872081385685e-34,-2.12309867542056,0.094,0.378,4.62934598528304e-30
"50","SGK1",1.23416463199636e-33,-0.839842684699338,0.644,0.894,2.62235301006586e-29
"51","LGALS1",4.24095752894615e-33,2.1761375714847,0.613,0.176,9.01118655750478e-29
"52","ARRDC3",5.50641666775536e-32,-0.841510709262975,0.361,0.691,1.17000341356466e-27
"53","AKR1B10",1.06884146692489e-31,-0.919539479642221,0.458,0.798,2.27107434892201e-27
"54","MMP12",2.08343165432249e-31,-1.35333555819677,0.157,0.463,4.42687557910442e-27
"55","CLU",7.75967629004344e-31,-0.938152729606884,0.364,0.718,1.64877601810843e-26
"56","MT2A",2.17249568097875e-30,1.42390747942117,0.982,0.926,4.61611882294364e-26
"57","LYPD3",2.01593254346797e-29,-0.890583657716776,0.686,0.915,4.28345346836074e-25
"58","FGFBP1",7.50598854717589e-29,1.38973806485331,0.677,0.282,1.59487244650393e-24
"59","ANXA1",1.12582084079334e-28,0.677306641851482,0.912,0.681,2.39214412251768e-24
"60","AMTN",1.16451129422419e-28,-1.27293816589621,0.132,0.42,2.47435359796755e-24
"61","GABRE",6.89019205291767e-28,-0.68189511827596,0.36,0.718,1.46402800740395e-23
"62","IDO1",8.69536521816738e-28,1.2800024071744,0.907,0.782,1.84759120155621e-23
"63","CLDN5",1.99299762178252e-27,-0.384864212622028,0.049,0.245,4.23472134676349e-23
"64","ADH7",2.1834509641249e-27,-0.757051701204223,0.426,0.766,4.63939660857259e-23
"65","LRATD1",1.12934390264033e-26,-0.710194522539112,0.48,0.761,2.39962992433017e-22
"66","CENPW",2.39958863190559e-26,-0.642720546014699,0.969,0.995,5.098645925073e-22
"67","TNNT1",6.57068547022783e-26,0.783593936043926,0.652,0.271,1.39613924871401e-21
"68","SAT1",6.84883273772685e-25,0.910741994012008,0.968,0.888,1.4552399801122e-20
"69","GAPDH",2.10923294201689e-24,0.578074314336837,0.998,1,4.48169815519748e-20
"70","TIMP3",2.11978586084741e-24,-0.554447621582348,0.251,0.585,4.50412099712858e-20
"71","TM4SF1",2.27400516690664e-24,0.802350142595017,0.576,0.207,4.83180617864323e-20
"72","RAC1",3.38613957197578e-24,0.432406050687361,0.999,0.995,7.19486936253415e-20
"73","EGLN3",4.44738741283075e-24,1.07924994557835,0.649,0.293,9.44980877478277e-20
"74","SOX2",4.48973821874253e-24,-0.475646137898602,0.274,0.612,9.53979576718413e-20
"75","TIMP1",5.61346030889073e-24,0.722421245249553,0.491,0.112,1.1927480464331e-19
"76","ANXA5",6.39639240331732e-24,0.653076648897502,0.866,0.729,1.35910545785686e-19
"77","LSP1",2.13986259587408e-23,-0.501875371339209,0.297,0.638,4.54678004371326e-19
"78","CTHRC1",2.36808422621702e-23,-0.611926443569565,0.772,0.936,5.03170536386592e-19
"79","ERO1A",3.61263968617644e-23,1.05566113801675,0.774,0.521,7.6761368051877e-19
"80","KRT10",7.32494880543149e-23,-0.923042477204841,0.845,0.941,1.55640512217808e-18
"81","CLCA2",8.33117107650623e-23,-0.743018761738656,0.838,0.926,1.77020723033604e-18
"82","H3F3A",1.06665443288082e-22,-0.403690132852828,0.993,1,2.26642733898516e-18
"83","HLA-B",1.09931402129534e-22,0.414640141129589,0.999,0.995,2.33582243244835e-18
"84","NDRG4",1.12333394707056e-22,-0.273852831336737,0.066,0.266,2.38685997073553e-18
"85","MT1X",1.38525565141946e-22,1.20634468618896,0.949,0.878,2.94339120813606e-18
"86","SLC7A8",2.12950865303939e-22,-0.742523606471322,0.401,0.67,4.52477998597809e-18
"87","CD47",3.50989295168485e-22,0.57772693356056,0.914,0.862,7.45782054373998e-18
"88","TMSB4X",4.09391262714891e-22,0.573486246255805,0.998,1,8.698745550166e-18
"89","CD59",5.48621304740643e-22,0.668597694493243,0.95,0.894,1.16571054831292e-17
"90","S100A8",6.92821585763671e-22,-0.79300885429662,0.967,1,1.47210730543065e-17
"91","KRT15",9.80683971920976e-22,-0.865405021977087,0.532,0.798,2.08375730353769e-17
"92","IGFBP7",1.13009472169744e-21,0.679932364893866,0.391,0.037,2.40122526466272e-17
"93","MSLN",3.68106813029797e-21,0.835132403484954,0.45,0.112,7.82153356325712e-17
"94","HLA-DRA",5.24151737780885e-21,-0.720899341595052,0.88,0.947,1.11371761243682e-16
"95","CAV1",7.73516960155697e-21,0.866142582560373,0.519,0.191,1.64356883693882e-16
"96","BGN",1.67566288730409e-20,0.870690558266437,0.558,0.25,3.56044850294372e-16
"97","SERPINB13",1.9616130029193e-20,0.669162114529765,0.968,0.941,4.16803530860293e-16
"98","LDHA",5.30441926004584e-20,0.648880076003653,0.982,0.957,1.12708300437454e-15
"99","GPX3",9.28665768405351e-20,-0.458073703864437,0.213,0.489,1.97322902470769e-15
"100","ENO1",1.18505766641598e-19,0.498405429663874,0.982,0.968,2.51801052960067e-15
"101","SLC26A6",1.37717403559925e-19,0.539823777068459,0.381,0.048,2.92621939084128e-15
"102","LAMB3",1.83524229629405e-19,0.801334103835482,0.866,0.707,3.89952283116561e-15
"103","ITGA3",2.67493930878848e-19,0.669256008159484,0.642,0.335,5.68371104331376e-15
"104","TAGLN2",3.71322975096164e-19,0.453376065638924,0.975,0.957,7.88987057484329e-15
"105","PLAT",4.1336380515671e-19,-0.562650664949916,0.115,0.335,8.78315413196976e-15
"106","IL32",5.72840692285334e-19,0.818830024247582,0.833,0.633,1.21717190296788e-14
"107","UPP1",9.46077021120326e-19,0.653914203038044,0.674,0.399,2.01022445447647e-14
"108","EPHX1",1.05970069323216e-18,-0.584193736411831,0.382,0.644,2.25165203297969e-14
"109","AL358334.2",1.17644883068885e-18,-0.265376282158625,0.073,0.261,2.49971847544766e-14
"110","FSCN1",1.4428418094736e-18,0.672821360237347,0.759,0.59,3.0657502767695e-14
"111","FABP5",1.58848498078009e-18,-0.631176294031565,0.978,1,3.37521288716153e-14
"112","WARS",1.68857148274532e-18,0.782120177733506,0.897,0.734,3.58787668653726e-14
"113","MT-ND1",2.12198061214279e-18,-0.388235576111409,0.99,0.989,4.50878440468099e-14
"114","MAPK10",7.08454092020835e-18,-0.419542909505374,0.232,0.495,1.50532325472587e-13
"115","ANXA2",1.13792569296766e-17,0.427116921449749,0.996,0.995,2.41786451241768e-13
"116","SRRM3",1.18441025845929e-17,-0.395030811304219,0.145,0.378,2.5166349171743e-13
"117","IFITM3",1.37152282190009e-17,0.49824676386246,0.996,0.995,2.9142116919733e-13
"118","SOX21",3.06595634899487e-17,-0.287756215585935,0.101,0.303,6.51454405034431e-13
"119","TUBA4A",3.42341719625944e-17,-0.620831442102731,0.784,0.904,7.27407685861205e-13
"120","GSTM3",3.48572962451076e-17,-0.252145277356607,0.061,0.223,7.40647830616046e-13
"121","EPHA4",3.83663517946685e-17,-0.503132142270216,0.342,0.622,8.15208242933116e-13
"122","H2AFJ",5.08290466765064e-17,-0.596911246188648,0.711,0.862,1.08001558378241e-12
"123","CERS3",5.18754001845991e-17,-0.412708494496337,0.252,0.527,1.10224850312236e-12
"124","IGFBP6",9.35642790160129e-17,0.954032616027041,0.683,0.463,1.98805380053224e-12
"125","HIST1H2AC",1.34506551568561e-16,-0.632468839667809,0.39,0.665,2.85799520772877e-12
"126","SQLE",1.54368566072066e-16,0.725940728530377,0.74,0.543,3.28002329189926e-12
"127","SLC25A5",1.60668846239876e-16,-0.417160360037132,0.979,0.984,3.41389164490489e-12
"128","NEAT1",1.98610701831567e-16,-0.613396025920213,0.988,0.989,4.22008019251713e-12
"129","RAB5IF",2.08714932830218e-16,-0.530855009368843,0.76,0.899,4.43477489277648e-12
"130","WFDC2",3.40211575431311e-16,-0.738068856986582,0.639,0.809,7.2288155547645e-12
"131","RRAS",5.12036432082074e-16,0.595154506145319,0.724,0.495,1.08797501088799e-11
"132","NCBP2AS2",6.81031137623665e-16,-0.404856756817599,0.345,0.622,1.44705496122276e-11
"133","RHOB",7.3994126666864e-16,-0.709005408625905,0.493,0.761,1.57222720341753e-11
"134","FLNA",7.51008195926666e-16,0.689864804590271,0.699,0.473,1.59574221470498e-11
"135","RPL36",8.24418068779102e-16,0.372655052377744,0.996,1,1.75172351254184e-11
"136","SERPINB6",9.45382016156901e-16,0.513426241347688,0.884,0.835,2.00874770793018e-11
"137","KRT8",1.02654433304776e-15,0.829683307514632,0.633,0.399,2.18120139885988e-11
"138","KRT5",1.888822803348e-15,0.519839965070966,0.997,1,4.01337069255383e-11
"139","CD81",1.9980257120033e-15,-0.456847515671634,0.827,0.904,4.24540503286461e-11
"140","LAMC2",2.27124263555831e-15,0.620786014627014,0.513,0.245,4.8259363520343e-11
"141","KRT6A",2.55712107675923e-15,0.438736953018711,0.998,1,5.43337086389802e-11
"142","CAVIN3",2.83985709251803e-15,0.581432032484653,0.43,0.149,6.03412835018231e-11
"143","SERPINB1",2.96377955616504e-15,0.974649433443682,0.823,0.723,6.29743880093948e-11
"144","TPPP3",3.43585119235329e-15,0.572131128201138,0.355,0.085,7.30049661351227e-11
"145","KRT1",3.46919273852609e-15,-1.02375192658093,0.466,0.713,7.37134073082024e-11
"146","ID3",3.57595958509241e-15,0.823412687578387,0.721,0.516,7.59819892640435e-11
"147","PERP",3.71875189346826e-15,-0.345182701137726,0.998,1,7.90160402324135e-11
"148","KLHDC7B",3.85450769991628e-15,-0.525461742343535,0.882,0.947,8.19005796078211e-11
"149","ASCL2",4.1379293631848e-15,-0.286651720751096,0.113,0.309,8.79227231089506e-11
"150","GATA3",7.40991423973305e-15,-0.266926026136048,0.112,0.303,1.57445857765848e-10
"151","VSNL1",7.4212631819731e-15,0.537272217674648,0.677,0.447,1.57687000090564e-10
"152","SORT1",7.60269474511542e-15,-0.256693587930089,0.093,0.271,1.61542057944212e-10
"153","LMNA",8.05734356964567e-15,0.472712295755747,0.96,0.915,1.71202436167831e-10
"154","CAVIN1",8.46553357905074e-15,0.562649019707291,0.637,0.388,1.7987565748767e-10
"155","HSP90AA1",1.0248927832293e-14,-0.382331857107694,0.995,0.995,2.17769218580561e-10
"156","HSPA6",1.03961799707812e-14,-0.968905772438815,0.223,0.447,2.20898032019158e-10
"157","HS3ST1",1.05157256814567e-14,0.463653087894083,0.326,0.059,2.23438139279593e-10
"158","KRT4",1.15859208239525e-14,-0.535921894221779,0.139,0.346,2.46177645667343e-10
"159","COL7A1",1.18272686728887e-14,0.606946189496551,0.6,0.335,2.5130580476154e-10
"160","CAMK2N1",1.47596433949707e-14,0.485770619555161,0.339,0.069,3.13612902856336e-10
"161","INPP1",1.55275529257707e-14,0.536884119885212,0.735,0.564,3.29929444566776e-10
"162","DEFB1",1.71665440441677e-14,0.617014817589554,0.867,0.787,3.64754727850475e-10
"163","SMAD3",1.97630424190616e-14,0.525299492831997,0.671,0.447,4.1992512532022e-10
"164","THBD",2.12745671498419e-14,0.661623723255514,0.499,0.223,4.52042002799841e-10
"165","HIST2H2BE",2.77515485127263e-14,-0.292650452283912,0.15,0.367,5.89664902798408e-10
"166","SFXN5",3.22834740624507e-14,-0.329431608402071,0.145,0.34,6.85959256878953e-10
"167","MT1E",3.48986644176515e-14,0.849210762847538,0.918,0.793,7.41526821546259e-10
"168","HIST1H3G",4.15291116616669e-14,-0.446340441600153,0.192,0.415,8.82410564587099e-10
"169","AKR1C1",4.42032194326331e-14,-0.316914643945879,0.154,0.362,9.39230006504588e-10
"170","GRHL1",4.46506371862646e-14,-0.360762240415949,0.28,0.532,9.48736738933749e-10
"171","JAG1",4.98203846752929e-14,0.578076650147749,0.683,0.479,1.05858353358062e-09
"172","ARPC1B",6.35986256726286e-14,0.515340446120505,0.823,0.67,1.35134359829201e-09
"173","NCOA7",6.61477763631588e-14,0.631725455552528,0.681,0.484,1.4055079521644e-09
"174","DBP",8.03516720094367e-14,-0.396228090729009,0.243,0.468,1.70731232685651e-09
"175","CLDN4",8.73319898247739e-14,-0.550567386994413,0.394,0.649,1.8556301197968e-09
"176","TXNIP",9.62907303036195e-14,-0.46429514019802,0.67,0.862,2.04598543749131e-09
"177","DEGS2",1.11709618425927e-13,-0.364817097919857,0.103,0.277,2.3736059723141e-09
"178","CRNDE",1.35738110298427e-13,-0.43469217516712,0.469,0.713,2.88416336762097e-09
"179","SLC27A5",1.40202841492124e-13,-0.348085166014595,0.199,0.42,2.97902997602465e-09
"180","SLC16A3",2.50120090469982e-13,0.546826722765258,0.498,0.234,5.31455168230618e-09
"181","HIST3H2A",3.14432665923803e-13,-0.420277284789651,0.229,0.447,6.68106528554896e-09
"182","ADD3",3.81573501860803e-13,-0.479948036312756,0.677,0.851,8.10767376753834e-09
"183","CFD",3.96221547582009e-13,0.608832805120473,0.674,0.484,8.41891544302253e-09
"184","REX1BD",4.28111340361277e-13,-0.401408996250943,0.673,0.862,9.09650975999642e-09
"185","CA12",4.41408512978113e-13,-0.417536691072098,0.374,0.617,9.37904808375894e-09
"186","DBI",4.63096449853468e-13,-0.573831377238728,0.812,0.899,9.8398733664865e-09
"187","IMPA2",4.74779334567686e-13,-0.406634286594932,0.296,0.532,1.00881113008942e-08
"188","JUN",5.1793210297218e-13,-0.727339219343904,0.71,0.851,1.10050213239529e-08
"189","CNFN",7.22009492985935e-13,-0.45078719894492,0.388,0.622,1.53412577069651e-08
"190","PDPN",7.48335221512215e-13,0.377597091118123,0.273,0.037,1.59006267866915e-08
"191","CAV2",8.18290671745166e-13,0.497216770077378,0.807,0.628,1.73870401932413e-08
"192","PDLIM1",1.1342974178707e-12,0.386740255431767,0.945,0.936,2.41015515349166e-08
"193","ALDH3A1",1.65445254930333e-12,-0.470093690946077,0.463,0.686,3.51538077675971e-08
"194","CYP4X1",1.92263152394473e-12,-0.319907524274389,0.18,0.378,4.08520746207776e-08
"195","HSPE1",2.2800397867621e-12,-0.360911816536449,0.877,0.968,4.84462853891211e-08
"196","KDM5B",2.435304146938e-12,-0.465037648610817,0.613,0.798,5.17453425141385e-08
"197","LY6D",2.51861076157754e-12,0.39014976513541,0.999,1,5.35154414619997e-08
"198","GLTP",2.58919433431203e-12,-0.485809975700115,0.827,0.947,5.5015201215462e-08
"199","RAB32",3.08611010298177e-12,0.452665814119578,0.46,0.207,6.55736674681567e-08
"200","CTSZ",3.74710822139134e-12,0.428355547859127,0.453,0.202,7.96185554881231e-08
"201","AKR1B1",3.80563442359632e-12,-0.298003879242671,0.139,0.319,8.08621202325747e-08
"202","CEBPA",3.81315690818935e-12,-0.378613926565243,0.24,0.452,8.10219579852072e-08
"203","CD99",4.53483206137392e-12,0.468121932972592,0.667,0.463,9.6356111640073e-08
"204","SOD2",4.70248248128263e-12,0.952279725861297,0.804,0.713,9.99183477622934e-08
"205","MAGEF1",5.2887352252295e-12,-0.389019010576614,0.264,0.479,1.12375046065676e-07
"206","MIR205HG",5.38752773829449e-12,-0.531871068620076,0.979,0.973,1.14474189383281e-07
"207","ATP6V0C",5.69635324908018e-12,-0.38764362131481,0.884,0.952,1.21036113836456e-07
"208","CASK",6.05676945002446e-12,-0.336014931957272,0.314,0.543,1.2869423727412e-07
"209","TMPRSS11D",6.32698150919362e-12,-0.425866544462378,0.302,0.532,1.34435703107346e-07
"210","NCCRP1",6.47319680205264e-12,-0.264521205790456,0.093,0.25,1.37542485650015e-07
"211","RNF7",6.53932883530382e-12,-0.360249191350658,0.881,0.931,1.38947659092536e-07
"212","ALCAM",6.85648808108718e-12,0.368591252250014,0.262,0.037,1.4568665874694e-07
"213","WNT2B",7.08792516875809e-12,-0.359063774752333,0.419,0.654,1.50604233985772e-07
"214","P3H2",7.65481226132389e-12,0.37168951825841,0.301,0.069,1.6264945092861e-07
"215","EMP3",8.90461169152863e-12,0.480504171984572,0.317,0.085,1.892051892216e-07
"216","TMEM98",9.49573410406823e-12,-0.301598231596069,0.144,0.324,2.01765358243242e-07
"217","TALDO1",1.07769995909988e-11,-0.389020125278883,0.846,0.931,2.28989687309543e-07
"218","CDH3",1.32514568297229e-11,0.450754158653412,0.74,0.574,2.81566954717952e-07
"219","TSHZ2",1.43316150909654e-11,-0.316375500851461,0.164,0.351,3.04518157452833e-07
"220","CYP1B1",1.64094403710229e-11,0.713277359619784,0.35,0.122,3.48667789003494e-07
"221","PIK3R1",1.67935561059719e-11,-0.261545275811454,0.128,0.303,3.5682948013969e-07
"222","PLAC8",1.77497181907418e-11,-0.273926059131196,0.084,0.229,3.77146012116881e-07
"223","SDC4",1.88281873406852e-11,0.523784334278033,0.842,0.718,4.00061324614878e-07
"224","TSPO",1.89728155194826e-11,0.339724450346997,0.976,0.968,4.03134384157966e-07
"225","MUC20",2.05241645279641e-11,-0.359123467011078,0.18,0.378,4.36097447890182e-07
"226","SPTBN1",2.36294983484771e-11,0.436364709899404,0.708,0.553,5.02079580908441e-07
"227","PFKP",2.40829749400004e-11,0.428419391853172,0.428,0.197,5.11715051525129e-07
"228","IGF2BP2",2.45345988106139e-11,0.388283734956387,0.386,0.149,5.21311155527925e-07
"229","MT-ND2",2.63369516340791e-11,-0.324089169471106,0.99,0.979,5.59607548320913e-07
"230","TNFRSF12A",3.22857263265824e-11,0.591452632229104,0.518,0.293,6.86007112987223e-07
"231","SERF2",3.35023786791671e-11,-0.277812158832328,0.992,1,7.11858542174943e-07
"232","PDLIM4",3.41928084537426e-11,0.424581634364677,0.708,0.553,7.26528794025122e-07
"233","FZD6",3.64686856594574e-11,-0.410881320826003,0.752,0.867,7.74886632892152e-07
"234","SEMA3C",3.87629987005405e-11,-0.298428434942049,0.189,0.394,8.23636196389084e-07
"235","MARCKSL1",4.73746198237705e-11,-0.377075692471897,0.252,0.468,1.00661592201548e-06
"236","HSPA1A",4.98064516882243e-11,-0.595183892145483,0.928,0.952,1.05828748547139e-06
"237","PGK1",5.04978250205765e-11,0.628697197910679,0.852,0.793,1.07297778603721e-06
"238","BPGM",5.26442346669774e-11,0.493096325283621,0.411,0.181,1.11858469820394e-06
"239","NFE2L3",5.42114172787729e-11,-0.405537965423038,0.5,0.691,1.15188419433937e-06
"240","LMTK3",5.73699299080349e-11,-0.253663961927884,0.08,0.218,1.21899627068593e-06
"241","REL",6.1670152116475e-11,-0.340803846032252,0.56,0.75,1.31036739217086e-06
"242","CDK6",6.80168563781976e-11,0.453027416338078,0.49,0.266,1.44522216432394e-06
"243","IL33",7.28107155494683e-11,0.431396821576768,0.241,0.037,1.5470820839951e-06
"244","TMEM123",7.76378394427525e-11,0.453303636985212,0.878,0.835,1.6496488124796e-06
"245","EID1",8.53986527218356e-11,-0.386425472105351,0.551,0.723,1.81455057303356e-06
"246","SERPINB4",1.05817390285629e-10,-0.347218519577273,0.838,0.973,2.24840790878904e-06
"247","SPRR3",1.26548584538004e-10,-0.88752631445071,0.091,0.234,2.6889043242635e-06
"248","UNC5B-AS1",1.29133469142019e-10,-0.558062087961303,0.538,0.729,2.74382795232962e-06
"249","VPS13A",1.29804801338014e-10,-0.273105325486822,0.241,0.447,2.75809241883011e-06
"250","BCAM",1.35854663863975e-10,0.584451053814412,0.327,0.112,2.88663989778174e-06
"251","GABARAP",1.46821425522546e-10,-0.394833485191803,0.797,0.888,3.11966164950306e-06
"252","ADI1",1.48474462698e-10,-0.405802540924717,0.631,0.787,3.1547853834071e-06
"253","IFITM2",1.57553679570045e-10,0.381331341207209,0.285,0.074,3.34770058350432e-06
"254","ECHDC1",1.80947141032907e-10,-0.396190252656609,0.59,0.755,3.8447648526672e-06
"255","NMB",1.89683051719406e-10,-0.399316374891557,0.442,0.654,4.03038548293395e-06
"256","RHOV",1.99743113772229e-10,0.492078968400892,0.894,0.872,4.24414168143233e-06
"257","ACKR3",2.10880334883577e-10,-0.55099092025799,0.597,0.771,4.48078535560623e-06
"258","IRX3",2.11189325162171e-10,-0.363756314669028,0.337,0.543,4.48735078104581e-06
"259","VSIR",2.17661067674412e-10,0.418919729129716,0.581,0.388,4.62486236594591e-06
"260","ITGB1",2.33481718834427e-10,0.45438390892794,0.783,0.676,4.9610195617939e-06
"261","ANK3",2.79312350061573e-10,-0.356709461891503,0.264,0.457,5.93482881410831e-06
"262","CLIC1",2.85624291320685e-10,0.329658808327337,0.962,0.92,6.06894494198192e-06
"263","GABRP",3.15778624204242e-10,-0.368649637030879,0.746,0.867,6.70966420709173e-06
"264","TSEN34",3.36322364049593e-10,-0.404902276292729,0.485,0.702,7.14617759132574e-06
"265","ETS2",3.39361941001816e-10,0.507515335148758,0.606,0.415,7.21076252240658e-06
"266","NLRP2",3.55532169463947e-10,-0.380301944038241,0.391,0.601,7.55434753676994e-06
"267","SOCS2",5.66479421216426e-10,0.392893945602594,0.605,0.404,1.20365547420066e-05
"268","SEC61G",5.66730795960197e-10,0.359930075197506,0.919,0.872,1.20418959525623e-05
"269","TMPRSS4",5.77852138175671e-10,-0.392182246976705,0.651,0.798,1.22782022319566e-05
"270","ADAM9",6.02321474598239e-10,0.409243266652503,0.538,0.319,1.27981266922634e-05
"271","IFT57",6.5087935633939e-10,0.378699057183298,0.516,0.303,1.38298845634994e-05
"272","ERBB3",7.14449428997634e-10,-0.385415049725682,0.363,0.569,1.51806214673417e-05
"273","CKMT1A",7.44005801523808e-10,-0.319910543561839,0.278,0.463,1.58086352707779e-05
"274","TFPI",7.44786695583082e-10,0.519790112217533,0.357,0.154,1.58252277077493e-05
"275","CXCL10",7.95675388959615e-10,1.86978058631385,0.269,0.074,1.69065106646139e-05
"276","TST",8.04880518462724e-10,-0.347230713196138,0.369,0.569,1.7102101256296e-05
"277","NTRK2",9.50096074549402e-10,0.355873559199547,0.372,0.154,2.01876413920257e-05
"278","CDC42EP1",1.02506712698473e-09,0.324359194198412,0.48,0.255,2.17806263141715e-05
"279","FAM162A",1.12193606686623e-09,-0.298444747394408,0.852,0.947,2.38388975487737e-05
"280","HIST1H2BJ",1.37542706874445e-09,-0.415962879973847,0.37,0.564,2.9225074356682e-05
"281","IL2RG",1.48681712930602e-09,0.270124969535632,0.236,0.043,3.15918903634943e-05
"282","CYP51A1",1.57253171806352e-09,0.413497908360892,0.501,0.287,3.34131539454137e-05
"283","PRKX",1.58758958066626e-09,-0.268259979156135,0.254,0.447,3.37331034099966e-05
"284","HLA-C",1.68790877571165e-09,0.307612053273053,0.997,0.989,3.58646856663212e-05
"285","ID1",1.78959750674802e-09,0.477749407592112,0.974,0.957,3.8025367823382e-05
"286","SOX4",1.80363725063117e-09,-0.322545098811069,0.488,0.676,3.83236843014112e-05
"287","UQCRC1",1.88408462096091e-09,0.409164545033731,0.662,0.489,4.00330300261775e-05
"288","TNFRSF18",2.05197999424888e-09,-0.340553732262404,0.54,0.713,4.36004709178001e-05
"289","CAPN2",2.23198889183804e-09,0.381045291939185,0.825,0.723,4.74252999737746e-05
"290","EFEMP1",2.27224946714896e-09,0.315952436901176,0.222,0.037,4.82807566779811e-05
"291","GLUL",2.27314795834939e-09,-0.397289833960689,0.772,0.91,4.82998478190078e-05
"292","PSMB9",2.28220445318064e-09,0.445695388932021,0.882,0.798,4.84922802211821e-05
"293","SNRNP25",2.35302149841528e-09,-0.304990833634849,0.274,0.468,4.99970007983279e-05
"294","SESN3",2.38895193303943e-09,-0.311551790150448,0.276,0.473,5.07604506732218e-05
"295","CP",2.53560995086982e-09,0.378967246128352,0.18,0.011,5.3876640236082e-05
"296","CA2",3.03601705049702e-09,0.509813190052396,0.922,0.883,6.45092902889607e-05
"297","RND3",3.47564549954203e-09,0.476835741623947,0.619,0.415,7.38505155742691e-05
"298","CYB5A",3.93536330003535e-09,-0.30011125727404,0.308,0.505,8.36185993991511e-05
"299","GADD45A",3.95126922768056e-09,0.524093908971454,0.624,0.468,8.39565685497566e-05
"300","ANGPTL4",4.21860728088699e-09,0.711920827467805,0.416,0.229,8.96369675042867e-05
"301","RBP1",4.2234645653861e-09,-0.385408113957129,0.733,0.856,8.97401750853238e-05
"302","PTPN12",4.30435281565393e-09,0.399534954889226,0.646,0.463,9.14588886270147e-05
"303","MPST",4.48845165970781e-09,-0.297553475013877,0.386,0.58,9.53706208654716e-05
"304","ADGRG6",4.59943098092848e-09,0.352660357185073,0.328,0.133,9.77287094827684e-05
"305","ACSL4",4.82010818066508e-09,0.255719897366302,0.196,0.027,0.000102417658622772
"306","ABCC5",4.9686890519429e-09,-0.332073092039328,0.589,0.75,0.000105574704975683
"307","LURAP1L",5.04316598663944e-09,0.522307712045336,0.625,0.479,0.000107157190884115
"308","IFNGR1",5.32075729110495e-09,0.433255562860696,0.739,0.569,0.000113055450921398
"309","TACC1",5.32926463879554e-09,0.312116973781826,0.43,0.213,0.000113236215045128
"310","ARHGAP21",5.49238404249385e-09,0.426968542658626,0.647,0.484,0.000116702176134909
"311","LAGE3",5.65098265484802e-09,-0.373199792757909,0.623,0.761,0.000120072079450211
"312","TMEM238",5.8518691063486e-09,-0.288535367862541,0.851,0.952,0.000124340514771695
"313","ECHDC2",5.87077960073895e-09,-0.270009824501654,0.262,0.452,0.000124742324956501
"314","CD24",6.21666820308255e-09,-0.399153472611046,0.825,0.91,0.000132091765979098
"315","TECR",6.43610116596946e-09,-0.284595115828301,0.784,0.872,0.000136754277574519
"316","CCDC3",6.51053364297372e-09,0.41948619825645,0.429,0.229,0.000138335818845906
"317","NDRG1",6.5163600809954e-09,0.818801320101973,0.815,0.766,0.00013845961900099
"318","PWWP3A",6.55261528221334e-09,-0.274567410754431,0.296,0.479,0.000139229969516469
"319","LY6E",6.73579885250394e-09,0.259597760399105,0.993,0.995,0.000143122254018004
"320","CAPNS2",7.27987740571035e-09,-0.312395661041704,0.237,0.415,0.000154682835116533
"321","CD38",7.35533719805226e-09,0.27198221759947,0.195,0.027,0.000156286204784214
"322","PDLIM2",8.1284287752173e-09,0.344387478991961,0.307,0.117,0.000172712854615817
"323","TPM1",8.70957072308144e-09,0.409058469996388,0.619,0.484,0.000185060958724034
"324","CCND1",8.96836306095849e-09,0.465692077128241,0.567,0.388,0.000190559778319246
"325","GJB6",9.05440900240834e-09,-0.31897034212315,0.544,0.729,0.000192388082483172
"326","PBX1",9.60086910884257e-09,-0.334417431026442,0.346,0.527,0.000203999266824687
"327","KITLG",9.72824830821623e-09,0.334135894027288,0.33,0.144,0.000206705820052978
"328","OPTN",1.08037169869944e-08,0.354237772452822,0.614,0.431,0.000229557378539657
"329","MIF",1.16019705447574e-08,0.299212738087082,0.994,0.995,0.000246518670135005
"330","S100A9",1.19639454437044e-08,-0.363431620553288,0.988,0.995,0.000254209912787832
"331","ACTN1",1.25898310106446e-08,0.392266364638306,0.796,0.729,0.000267508729314176
"332","ARNTL2",1.26701856721897e-08,0.339014577196227,0.469,0.255,0.000269216105162687
"333","TACSTD2",1.32255898234544e-08,-0.26216992794431,0.989,0.989,0.000281017332568758
"334","NPL",1.62029690624075e-08,-0.282765999731151,0.269,0.441,0.000344280686638035
"335","SLC6A8",1.71419035266506e-08,0.529748761099914,0.603,0.447,0.000364231166134271
"336","SMAGP",1.83346231752748e-08,-0.268487417809231,0.258,0.441,0.00038957407322824
"337","GGCT",2.16433056551677e-08,-0.363718257571248,0.779,0.872,0.000459876958561003
"338","IVL",2.25206394493407e-08,-0.313791107159455,0.149,0.303,0.00047851854701959
"339","DNAJB2",2.43319221915939e-08,-0.34027229824823,0.563,0.734,0.000517004682726987
"340","COMMD4",2.44604150534107e-08,-0.376881564535977,0.598,0.766,0.000519734899054871
"341","NOSIP",2.49668692340726e-08,0.360137328787685,0.792,0.66,0.000530496037485575
"342","GLS",2.97800622935828e-08,0.397757275608561,0.468,0.293,0.000632766763614048
"343","BMP2",3.01136592947369e-08,0.371052385925116,0.339,0.149,0.000639855032694569
"344","PKM",3.47935483036035e-08,0.26641235599888,0.988,0.984,0.000739293314354967
"345","RHCG",3.53641062439375e-08,0.629438110912561,0.462,0.298,0.000751416529471184
"346","PAWR",3.59719441923443e-08,-0.348441900230667,0.595,0.75,0.000764331870198931
"347","HPRT1",4.24796408720037e-08,0.377915052424685,0.738,0.606,0.000902607409248334
"348","AGR2",4.32526248096555e-08,-0.356044433581494,0.454,0.638,0.000919031771955559
"349","ERMP1",4.52996470481403e-08,-0.393930260537073,0.345,0.521,0.000962526900478885
"350","XIST",4.92848772469274e-08,-0.340776078860794,0.93,0.973,0.00104720507174271
"351","IDH2",5.10046140005262e-08,-0.320529218634037,0.519,0.691,0.00108374603828318
"352","SELENOH",5.25201170123732e-08,-0.28034079984575,0.809,0.894,0.00111594744627891
"353","KTN1",5.40779084282753e-08,0.343243081089658,0.964,0.92,0.00114904739828399
"354","HIST1H2BH",5.66618866954e-08,-0.39222649862366,0.196,0.356,0.00120395176850386
"355","KYNU",6.37818269014787e-08,0.423040196237434,0.643,0.5,0.00135523625800262
"356","CBR3",6.81838654995325e-08,-0.362221415563825,0.473,0.638,0.00144877077413407
"357","AHNAK",6.85243049133842e-08,0.316500478304272,0.904,0.835,0.00145600443079959
"358","RNASE4",6.95456422187065e-08,0.277368101651344,0.221,0.059,0.00147770580586307
"359","KLHL24",7.33238211160985e-08,-0.27182535294951,0.308,0.484,0.00155798455107486
"360","TSPAN6",7.45531910497723e-08,-0.300502314510062,0.551,0.713,0.00158410620342556
"361","PGF",8.29575189409668e-08,0.370033696147508,0.223,0.059,0.00176268136245766
"362","HSPA1B",9.30797246965789e-08,-0.387609205673458,0.751,0.883,0.00197775799035291
"363","ACTG1",1.03948616554561e-07,0.375812745380794,0.99,0.995,0.00220870020455132
"364","PUS10",1.12082024525457e-07,-0.266464103565563,0.189,0.34,0.0023815188571169
"365","JOSD2",1.13334100891497e-07,-0.337968580884241,0.58,0.718,0.00240812297574253
"366","CRABP2",1.15229354439507e-07,0.373408298027806,0.967,0.979,0.00244839332313065
"367","PLP2",1.18389211773081e-07,0.305949231990967,0.955,0.915,0.00251553397175444
"368","KRAS",1.23616373480497e-07,-0.263119790321424,0.415,0.596,0.00262660070371361
"369","VAV3",1.36057535960928e-07,-0.276567779519989,0.403,0.58,0.0028909505240978
"370","EMP1",1.49054900821131e-07,0.416771805032579,0.641,0.516,0.00316711853264739
"371","TPI1",1.49612600165294e-07,0.317312209007306,0.973,0.947,0.00317896852831216
"372","EGFR",1.53567571519671e-07,0.359190984104427,0.641,0.521,0.00326300375964996
"373","UNG",1.54007417042711e-07,-0.289978290289585,0.193,0.346,0.00327234959732352
"374","ADGRG1",1.58533825083928e-07,-0.303529793046711,0.565,0.713,0.0033685267153833
"375","GARS-DT",1.60556174269472e-07,-0.284905164800296,0.379,0.564,0.00341149759087774
"376","FSTL1",1.61175070302302e-07,0.307087425533762,0.281,0.106,0.00342464789378331
"377","NAA38",1.64629766011908e-07,-0.309200748649725,0.779,0.856,0.00349805326822103
"378","STK17A",1.65200355418209e-07,0.308065905882214,0.583,0.404,0.00351017715192611
"379","MYOF",1.86615197534536e-07,0.271026802166175,0.751,0.606,0.00396519971721382
"380","CXCL11",1.88204159213361e-07,0.451299547736729,0.171,0.027,0.0039989619749655
"381","ST5",1.94178310671861e-07,0.335547784173392,0.458,0.287,0.0041259007451557
"382","TMEM179B",2.08845421976263e-07,-0.37009185697414,0.51,0.638,0.00443754752615163
"383","SCAND1",2.17941470359105e-07,-0.320186120364054,0.494,0.628,0.00463082036219026
"384","MT1G",2.2562140921409e-07,1.08992946108197,0.357,0.186,0.00479400370298098
"385","COX14",2.55442678585759e-07,-0.361336997831953,0.584,0.707,0.00542764603459021
"386","VMP1",2.78692776001338e-07,-0.331196161864039,0.916,0.957,0.00592166410447644
"387","MSN",2.99386971231052e-07,0.31753730816175,0.777,0.681,0.00636137436471739
"388","CD109",3.15498223031837e-07,0.320511340085345,0.53,0.356,0.00670370624298048
"389","WSB1",3.31613390621959e-07,0.386572210242297,0.76,0.67,0.00704612132393537
"390","APOL1",3.44896735018396e-07,0.424117380338588,0.938,0.894,0.00732836582567087
"391","COL17A1",3.46049367874125e-07,0.342254260488365,0.166,0.027,0.00735285696858941
"392","HOPX",3.60887933990821e-07,0.271302598450211,0.33,0.149,0.00766814682143697
"393","LSR",3.63749670691239e-07,0.322905129023292,0.929,0.904,0.00772895300284746
"394","MMP28",3.70016571168713e-07,0.33277425719836,0.763,0.681,0.00786211210419282
"395","KRT6C",3.7488319731391e-07,-0.312354625018438,0.115,0.239,0.00796551817652595
"396","FKBP9",3.89553140361042e-07,0.307219675575655,0.636,0.473,0.00827722512639142
"397","GRHL3",3.92154235693731e-07,-0.26561637580548,0.177,0.324,0.0083324932000204
"398","HOMER3",4.31477808357822e-07,-0.267084741699089,0.49,0.644,0.009168040471987
"399","HSPA8",4.59351570281623e-07,-0.335800486405021,0.841,0.91,0.00976030216534392
"400","HMSD",4.82456174211278e-07,0.27867444315223,0.312,0.149,0.0102512287896412
"401","ISOC2",4.94984059245065e-07,-0.333282538637634,0.522,0.681,0.0105174212908392
"402","TMEM160",4.9629360173623e-07,-0.299953335965703,0.742,0.867,0.0105452464496914
"403","BIRC2",5.12261459593332e-07,0.294547783067833,0.535,0.372,0.0108845314934391
"404","BIRC3",5.16807145770163e-07,0.307800665634158,0.235,0.08,0.0109811182333244
"405","PNKD",5.21640828080847e-07,-0.292839464641606,0.475,0.612,0.0110838243150618
"406","SIAH1",5.33584901971115e-07,-0.25374835503741,0.35,0.521,0.0113376119970823
"407","MT1M",5.66079833719146e-07,0.413796685343335,0.435,0.255,0.0120280643068644
"408","CDKN1C",5.80490738890155e-07,-0.300709493668505,0.112,0.234,0.012334267219938
"409","CFB",5.89239027529137e-07,0.362674003843264,0.504,0.346,0.0125201508569391
"410","MYO1B",6.00284750590018e-07,0.352510593173346,0.536,0.372,0.0127548503805367
"411","MAN1A1",6.13623661466168e-07,0.321541782227004,0.396,0.223,0.0130382755588331
"412","TPM4",6.71882204636031e-07,0.35865826346574,0.827,0.755,0.0142761530841064
"413","S100A14",7.32961130887991e-07,-0.298402851009197,0.91,0.957,0.015573958109108
"414","PDZK1IP1",7.42589734506141e-07,-0.275798179375396,0.741,0.856,0.0157785466787865
"415","RCN1",8.56639784921895e-07,0.295628474226494,0.677,0.511,0.0182018821500204
"416","FOSB",8.91939209297285e-07,-0.61729839349745,0.319,0.473,0.0189519243191487
"417","ADH5",9.33277200942395e-07,-0.299338281013953,0.734,0.83,0.019830273965624
"418","TMEM173",9.46964869092708e-07,0.321720063918867,0.456,0.293,0.0201211095384819
"419","HOXB2",9.49631527724435e-07,-0.251031331030772,0.367,0.521,0.0201777707010888
"420","TIMM8B",9.59625956925573e-07,-0.282723154067555,0.729,0.84,0.0203901323327546
"421","COL6A2",1.06679666629563e-06,0.251073026418381,0.157,0.027,0.0226672955654495
"422","ASB2",1.06787960713177e-06,0.270206023917278,0.301,0.133,0.0226903058923359
"423","VEGFA",1.08411608525465e-06,0.565332944363974,0.683,0.574,0.0230352985794909
"424","C12orf75",1.09245131084252e-06,0.398302280074255,0.58,0.404,0.0232124054527819
"425","HLA-DRB1",1.1270362712193e-06,-0.352775435227343,0.813,0.846,0.0239472666908678
"426","TAPBP",1.14407557510931e-06,0.315352688667231,0.889,0.83,0.0243093178199226
"427","C15orf48",1.17465621851742e-06,0.746674219774068,0.322,0.16,0.0249590953310581
"428","RHOC",1.21788297273746e-06,0.314537130811648,0.902,0.819,0.0258775774047256
"429","PET100",1.22163301159454e-06,-0.299296091012756,0.768,0.878,0.0259572582303607
"430","YWHAE",1.25808053544949e-06,0.254824874079203,0.95,0.915,0.0267316952172309
"431","RAP1B",1.42309193741408e-06,0.30385774914934,0.738,0.649,0.0302378574861743
"432","SPRR2D",1.57199011970397e-06,-0.267475811621229,0.171,0.314,0.0334016460634699
"433","CLDN8",1.58372386957876e-06,0.306920956816311,0.282,0.133,0.0336509647808094
"434","TINAGL1",1.60895462873647e-06,0.345921739093011,0.672,0.543,0.0341870679513925
"435","HOOK2",1.70212121467204e-06,-0.299965323966492,0.467,0.622,0.0361666715693516
"436","SEPTIN11",1.81430420733483e-06,0.308262597165491,0.453,0.298,0.0385503357974505
"437","LRRFIP1",1.84553057425098e-06,0.296143201473771,0.842,0.734,0.0392138336416848
"438","LOX",2.03256770378903e-06,0.368901627237322,0.391,0.234,0.0431879985701093
"439","SOX15",2.03720115601812e-06,-0.324644887826991,0.606,0.766,0.043286450163073
"440","PSMC5",2.08087555803969e-06,-0.308473007333374,0.603,0.723,0.0442144438572273
"441","CENPX",2.09166372388415e-06,-0.312637236293859,0.622,0.739,0.0444436708050904
"442","EPCAM",2.38844533996422e-06,-0.300467839200023,0.435,0.58,0.0507496865835598
"443","ANKH",2.49843241358608e-06,0.261509129446822,0.324,0.165,0.0530866919238769
"444","UBB",2.51246743890103e-06,-0.361488679482968,0.945,0.941,0.0533849081417691
"445","PPP3CA",2.53568003961145e-06,-0.264708609844162,0.383,0.532,0.053878129481664
"446","HSPH1",2.55520554358454e-06,-0.259827072524857,0.413,0.58,0.0542930073900843
"447","PGAM1",2.58125399006158e-06,0.284414748831697,0.941,0.91,0.0548464847808284
"448","PI3",2.73548358277514e-06,0.719915542052799,0.943,0.936,0.0581235551668061
"449","CD63",2.86126670064677e-06,0.28112171353832,0.945,0.92,0.0607961948553425
"450","CTSH",2.88840202552974e-06,-0.323825844740295,0.686,0.809,0.0613727662384559
"451","ARL6IP5",2.97912129712449e-06,0.288646337705007,0.52,0.335,0.0633003693213012
"452","TSPAN3",3.21064879436827e-06,0.326620383410236,0.715,0.596,0.0682198655827369
"453","OSMR",3.22517054314638e-06,0.311896217219685,0.564,0.426,0.0685284237007743
"454","LINC02595",3.48479394849207e-06,0.270036967845868,0.285,0.133,0.0740449018175595
"455","ZFAND2A",3.49457253715401e-06,-0.603859258271091,0.432,0.543,0.0742526772694485
"456","PCBD1",3.85706129828851e-06,-0.259228178292366,0.306,0.452,0.0819548384660342
"457","CYTOR",3.93368570029011e-06,0.304068162946058,0.377,0.223,0.0835829537597642
"458","RPL17",4.00498415576612e-06,0.268470758513859,0.982,0.984,0.0850979033417185
"459","CST3",4.2778963404934e-06,0.252610194660444,0.983,0.973,0.0908967414428038
"460","ICAM1",4.28186666139815e-06,0.309493737219811,0.249,0.106,0.0909811028213879
"461","IRF1",4.33999207042353e-06,0.408678415350958,0.544,0.41,0.0922161515123592
"462","ABRACL",4.70505609409586e-06,-0.274184546911361,0.579,0.718,0.0999730318873489
"463","SERPINB2",4.8910021438728e-06,0.449831377446234,0.298,0.149,0.103924013553009
"464","HLA-DPA1",5.09493436046325e-06,-0.266736573204555,0.542,0.66,0.108257165291123
"465","HYPK",5.1719084464488e-06,-0.26188011451637,0.169,0.287,0.109892710670144
"466","LGALS3",5.4863332500427e-06,0.289238693377156,0.971,0.926,0.116573608896907
"467","CALD1",5.79351368645934e-06,0.343228058796799,0.561,0.42,0.123100578809888
"468","LITAF",6.15430809981209e-06,0.315884836971162,0.729,0.644,0.130766738504807
"469","PSMD14",6.18378224987194e-06,-0.260675317102557,0.669,0.787,0.131393005245279
"470","BNIP3",6.34782760517369e-06,0.377525878976797,0.237,0.096,0.134878640954731
"471","FOS",6.47787541650423e-06,-0.710739831203452,0.669,0.787,0.137641896849882
"472","LAMA3",6.60615353622163e-06,0.309120576474634,0.471,0.335,0.140367550337637
"473","PSMB5",6.73892077364034e-06,-0.256916497787804,0.703,0.835,0.14318858859831
"474","GM2A",6.88108340697727e-06,-0.265807976503372,0.328,0.484,0.146209260231453
"475","FTH1",6.94210263962798e-06,0.288235233508613,0.989,0.995,0.147505796886815
"476","GBP4",7.15873550880257e-06,0.347599052367569,0.492,0.34,0.152108812091037
"477","GSN",7.33935020584183e-06,0.30520607672028,0.882,0.835,0.155946513173727
"478","NUDT1",7.4266420446377e-06,-0.255553128033758,0.797,0.872,0.157801290164462
"479","SDCBP",7.45038526900331e-06,0.352039137168443,0.639,0.532,0.158305786195782
"480","TSPAN1",7.6064579996981e-06,0.389660523890107,0.644,0.553,0.161622019577585
"481","EIF2S3",7.6806227857096e-06,0.269672315227653,0.791,0.739,0.163197872950758
"482","FXYD5",7.92267007511038e-06,0.298298948169551,0.797,0.745,0.168340893755945
"483","AP3S1",8.81376373429518e-06,0.277596897055435,0.555,0.42,0.187274851826304
"484","GPC1",8.89878773654699e-06,0.296010352425649,0.773,0.686,0.18908144182615
"485","TSC22D1",9.05442819098413e-06,-0.258579351199781,0.528,0.66,0.192388490202031
"486","NPTN",9.25863021121144e-06,0.28671308009671,0.742,0.638,0.196727374727821
"487","PHLDA1",9.33116716544448e-06,0.569251791622163,0.423,0.298,0.198268639931364
"488","CUTA",9.43724615870105e-06,-0.252974750704478,0.532,0.691,0.20052260638008
"489","MIR222HG",9.52076756882649e-06,0.343968881920334,0.33,0.186,0.202297269302425
"490","NAPRT",9.90477938480047e-06,0.285803437317117,0.685,0.628,0.21045675236824
"491","HLA-E",1.02065490823718e-05,0.260874395618894,0.968,0.957,0.216868754902235
"492","LDLR",1.02969420129602e-05,0.267897595370531,0.38,0.223,0.218789423891377
"493","SERPINA3",1.03055520157682e-05,0.625604338864263,0.144,0.032,0.218972369231044
"494","CD74",1.04079826894864e-05,-0.393436809984339,0.888,0.904,0.221148816186206
"495","MKI67",1.06334766762225e-05,0.292615499163386,0.797,0.739,0.225940112416375
"496","GJA1",1.14481419809684e-05,0.564334943042617,0.713,0.649,0.243250120811617
"497","ITGA2",1.15438531682982e-05,0.341448207948173,0.448,0.303,0.24528379212
"498","HIST1H4C",1.17644931071865e-05,-0.35868080134892,0.402,0.537,0.2499719495415
"499","MSMO1",1.34897638760435e-05,0.294983584435857,0.343,0.191,0.286630502838171
"500","SYNE2",1.36482047066659e-05,0.322605992258846,0.886,0.819,0.289997053607238
"501","TUBB6",1.44152560103008e-05,0.282866136673409,0.696,0.585,0.306295359706871
"502","SDR16C5",1.55453915507741e-05,0.323917669239114,0.397,0.261,0.330308479670847
"503","LTBP4",1.63090574140555e-05,0.285780190300263,0.608,0.489,0.346534851933851
"504","DST",1.77300493232837e-05,0.326402884903834,0.5,0.356,0.376728088021131
"505","PCNA",1.77730331134403e-05,-0.251360831959467,0.713,0.84,0.377641407594379
"506","SFN",1.88869678636398e-05,0.358803473644328,0.997,1,0.401310293166618
"507","RNF167",1.89140938199498e-05,-0.25916514669606,0.46,0.596,0.401886665486294
"508","CTSL",2.01996177144612e-05,0.263156093722464,0.362,0.223,0.429201477196872
"509","CFH",2.38184113225282e-05,0.279251378414956,0.482,0.335,0.506093603781078
"510","CD44",2.46768788408278e-05,0.256258679185641,0.945,0.904,0.524334321609909
"511","NEU1",2.67929272681222e-05,-0.260976199249809,0.323,0.457,0.569296118593061
"512","CEBPD",2.7326340719456e-05,-0.270921362811054,0.793,0.867,0.580630087607002
"513","GJB3",2.78103122449683e-05,0.28974931600643,0.648,0.516,0.590913514581085
"514","CCL26",2.8245024856778e-05,-0.332753885735225,0.06,0.138,0.600150288156819
"515","TCIM",2.84693265525047e-05,0.523791104920669,0.805,0.739,0.60491625058762
"516","RNF213",2.89012827011019e-05,0.330613106453507,0.86,0.809,0.614094454833013
"517","AGRN",3.02312768023557e-05,0.265383138306951,0.443,0.309,0.642354169496454
"518","LIMA1",3.04298229342454e-05,0.284205750392893,0.727,0.665,0.646572877706845
"519","POLR2J3",3.17501316687971e-05,-0.255680994550597,0.676,0.793,0.674626797698602
"520","DBNDD2",3.81204267331638e-05,0.285825621619048,0.544,0.41,0.809982827226265
"521","RPS2",4.05940863092507e-05,0.271055080978241,0.992,0.989,0.86254314589896
"522","RALA",4.22477649493482e-05,0.262218194698643,0.745,0.697,0.89768050964375
"523","SNHG5",4.3263688260699e-05,0.283101586066729,0.83,0.798,0.919266848163332
"524","TNFRSF6B",4.38291608451307e-05,0.323456589700811,0.225,0.101,0.931282009637337
"525","MYH14",4.47117675425688e-05,-0.273130848304673,0.489,0.622,0.950035636744502
"526","TMEM14A",4.7405072197322e-05,-0.268046650057586,0.59,0.697,1
"527","FUT2",4.75859660609263e-05,-0.250794015720547,0.396,0.532,1
"528","GSTO1",5.01298342890014e-05,0.279237539538157,0.629,0.532,1
"529","SDF2L1",5.38517310635454e-05,-0.275589960084223,0.484,0.617,1
"530","NINJ1",5.4450971105934e-05,0.315395957900113,0.392,0.261,1
"531","SPINT1-AS1",5.57736757795668e-05,-0.276000733567142,0.394,0.527,1
"532","DNAJB1",6.014410444433e-05,-0.318872272325913,0.777,0.809,1
"533","CALU",6.03425341564096e-05,0.281888685552525,0.63,0.532,1
"534","SERPINB7",6.58434778612925e-05,0.448092753387907,0.301,0.176,1
"535","MUC1",7.02840950034571e-05,0.35883995862649,0.615,0.505,1
"536","IER3",7.25377531698663e-05,0.608179440778861,0.815,0.739,1
"537","MXRA5",7.28566864941541e-05,0.279557560062876,0.351,0.223,1
"538","MAD1L1",7.30811054982142e-05,0.308661292326313,0.565,0.452,1
"539","SPINT1",7.52495510075742e-05,0.281785154487456,0.824,0.777,1
"540","EN1",7.82792774733557e-05,-0.301344242887146,0.354,0.479,1
"541","SMC4",8.26501562724796e-05,0.281060506399983,0.932,0.883,1
"542","KCNQ1OT1",8.55083814439897e-05,-0.268723749647529,0.358,0.495,1
"543","G6PD",9.28038982705958e-05,-0.254402387503175,0.508,0.606,1
"544","HSPA2",0.0001110151874451,0.260106657640925,0.616,0.516,1
"545","HLA-F",0.00011982685966481,0.268659909816429,0.68,0.574,1
"546","MRPS26",0.000124105726413605,-0.271267062200995,0.542,0.654,1
"547","ZNF428",0.000130952169142872,-0.267120759814876,0.547,0.665,1
"548","H19",0.00013729770178197,0.330227458806946,0.177,0.069,1
"549","CCDC88A",0.000143429296591934,0.26176962052006,0.444,0.319,1
"550","PLEC",0.000164436847563703,0.273386944985603,0.687,0.596,1
"551","KLF2",0.000165154481087141,-0.260854372235484,0.156,0.255,1
"552","TNFAIP2",0.000173784476699012,0.333841819182049,0.675,0.59,1
"553","SIVA1",0.00018969574972914,-0.266758605959623,0.811,0.867,1
"554","YPEL5",0.000192197557191038,-0.259719628223248,0.527,0.638,1
"555","IRF6",0.000201530233565879,0.280805652159082,0.69,0.606,1
"556","GARS",0.000240833195951597,0.297004152624476,0.659,0.58,1
"557","MALL",0.000253595866785357,0.297577594989692,0.74,0.633,1
"558","CALM3",0.000261099070535602,0.278460216246058,0.807,0.745,1
"559","MAP4K4",0.000263921140121719,0.265233252758964,0.38,0.261,1
"560","CNN2",0.000303824507853406,0.259287263245304,0.528,0.441,1
"561","RAB25",0.000310211595037279,-0.276196697366354,0.642,0.734,1
"562","ARL6IP1",0.000312155054817416,-0.295852523933854,0.837,0.888,1
"563","SAMD9",0.000326206540028626,0.325423085277092,0.667,0.58,1
"564","HSP90B1",0.000329438743753037,0.270179437763141,0.945,0.915,1
"565","NAMPT",0.000332400162464867,0.292835654763637,0.693,0.649,1
"566","OST4",0.000531562534136735,-0.251342323115474,0.766,0.819,1
"567","SLURP2",0.000555074066507094,0.273353563612903,0.973,0.973,1
"568","MELTF",0.000564461542257294,0.274386221285131,0.421,0.324,1
"569","SERPING1",0.000588942948148802,0.263863121589547,0.606,0.521,1
"570","ARL4A",0.000643592880424891,0.29873603867274,0.85,0.809,1
"571","POLD4",0.000643608815254453,0.25498995114934,0.745,0.697,1
"572","JPT1",0.000756035640687603,0.25465575610383,0.937,0.92,1
"573","EPHA2",0.000766019320273827,0.299844293074474,0.496,0.394,1
"574","TRA2B",0.000768815861693851,-0.322932862531011,0.817,0.878,1
"575","GBP2",0.000807468325348839,0.268747908913835,0.515,0.436,1
"576","ITGB8",0.000819811905705485,0.275875412905211,0.591,0.5,1
"577","SCD",0.000902199344133435,0.253234044191853,0.258,0.154,1
"578","ADIRF",0.00092294782744459,0.303111984626009,0.653,0.612,1
"579","SMS",0.00114007035998236,0.268472472844001,0.491,0.404,1
"580","MID1IP1",0.00130942564303028,-0.268958747289935,0.487,0.58,1
"581","PCLAF",0.0013561551670689,-0.265017372946041,0.677,0.771,1
"582","HAS3",0.00143598338293832,0.28483021867704,0.301,0.202,1
"583","IGFL2-AS1",0.00157563753414073,-0.299433348577168,0.674,0.729,1
"584","EIF4EBP1",0.00190629841480687,0.307035711374631,0.822,0.835,1
"585","NFKBIA",0.00226709888286558,0.373475927113598,0.729,0.702,1
"586","AREG",0.00266662446452235,0.269326902062639,0.226,0.144,1
"587","F3",0.00391861393569823,0.455126455973487,0.367,0.277,1
"588","CXCL9",0.00396683586589644,0.3785297362704,0.132,0.064,1
"589","MTHFD2",0.00417016449146583,0.268136388721595,0.605,0.548,1
"590","CCL20",0.00425582388995756,0.520355869733706,0.148,0.074,1
"591","S100P",0.00481598803445654,0.256339853736608,0.745,0.67,1
"592","GBP1",0.00528860622352753,0.264852420847427,0.575,0.489,1
"593","IER2",0.00543681913361723,-0.28270689013433,0.757,0.782,1
"594","SAA1",0.00589779641537512,0.278551759746798,0.252,0.176,1
"595","DKK1",0.00632466827056951,0.264066712089901,0.172,0.101,1
"596","CD55",0.00730935305042456,0.366682646886438,0.434,0.383,1
"597","BTG2",0.00924674938066086,-0.311433823169927,0.502,0.58,1
"598","HAS2",0.009484296511282,0.285839234735693,0.246,0.17,1
"599","JUNB",0.0102565306765448,0.261612043422368,0.949,0.941,1
"600","FDFT1",0.0107534788552831,0.268985676444381,0.692,0.681,1
"601","PPP1R15A",0.0119007776824135,-0.405271859172732,0.603,0.681,1
"602","IER5",0.0377962825120218,-0.359818932649372,0.581,0.601,1
"603","LMO2",0.0971031497144579,0.309349620426169,0.39,0.378,1
"604","ODC1",0.103086273910143,-0.284483261528593,0.248,0.303,1
"605","MMP10",0.135361270695911,0.758382633417637,0.284,0.25,1
"606","CXCL1",0.150546867100393,0.344618667720075,0.188,0.149,1
"607","MMP1",0.70048662470461,0.952490738383698,0.608,0.66,1
"608","CEACAM7",0.711278983954074,0.277097233447933,0.245,0.271,1
